bin,seq,pred
max,CCACCCCAAAAAACCCCGTCAAAACCCCAAAAACCA,1
min,GACGAAGACGACGAAGAGTCCGAGGAAGCAGACGAA,0
0,CCCAAAAAACCCCAAAAGTCTCCACCAACCCCAAAA,0.471915441
0,CCAAAACAAACCCAACAGTCACCACCCCACCCTAAA,0.629928763
1,AAGGAAGGAGAAGAGAAGTCGAGGGAGAGCGAGGAA,0.136521961
1,GGAGAAGAGGAGGAGGTGTCAGAAGAAAAAGAAAGG,0.241974161
2,CCTCCCTTTTTTTTTTTGTCCTCTCCTCCTTTCCCC,0.316487367
2,TTCCACCACTCCATTCTGTCAACGTATTCTTCACCC,0.50895981
3,CTTCGAAGCAACCAAAGGTCGCAAGTTGAATAAGAC,0.468099743
3,CGATGCTGTTCCGTTTGGTCAACTAAAGACCATGAT,0.502488194
4,TTTTTTTTTTTGGGGGGGTCGGGTTTGGGGTGGGGT,0.669837793
4,TTGTGTGGGGTCTTGTGGTCTTTGTGTGTTGGGTGT,0.805995072
